{"generation":7,"sum_weight":7765.7,"avg_weight":97.07124999999999,"sum_height":101.7,"avg_height":1.27125}
{"generation":6,"sum_weight":3708.0,"avg_weight":51.5,"sum_height":77.59999999999998,"avg_height":1.0777777777777775}
{"generation":5,"sum_weight":8174.800000000002,"avg_weight":52.402564102564114,"sum_height":160.99999999999997,"avg_height":1.032051282051282}
{"generation":1,"sum_weight":6095.099999999999,"avg_weight":40.36490066225165,"sum_height":165.10000000000005,"avg_height":1.0933774834437089}
{"generation":3,"sum_weight":9055.500000000002,"avg_weight":67.0777777777778,"sum_height":165.99999999999994,"avg_height":1.2296296296296292}
{"generation":2,"sum_weight":4910.5,"avg_weight":49.105,"sum_height":116.29999999999998,"avg_height":1.1629999999999998}
{"generation":4,"sum_weight":8226.700000000003,"avg_weight":76.88504672897199,"sum_height":121.30000000000001,"avg_height":1.1336448598130842}
